model,checkpoint,magnitude,direction,dx,dy,condition,bbox_mAP_25,bbox_mAP_50,bbox_mAP_75,bbox_mAP_50_tiny,bbox_mAP_50_tiny1,bbox_mAP_50_tiny2,bbox_mAP_50_tiny3,bbox_mAP_50_small,config,delta_bbox_mAP_25,relative_drop_pct_bbox_mAP_25,delta_bbox_mAP_50,relative_drop_pct_bbox_mAP_50,delta_bbox_mAP_75,relative_drop_pct_bbox_mAP_75,delta_bbox_mAP_50_tiny,relative_drop_pct_bbox_mAP_50_tiny,delta_bbox_mAP_50_tiny1,relative_drop_pct_bbox_mAP_50_tiny1,delta_bbox_mAP_50_tiny2,relative_drop_pct_bbox_mAP_50_tiny2,delta_bbox_mAP_50_tiny3,relative_drop_pct_bbox_mAP_50_tiny3,delta_bbox_mAP_50_small,relative_drop_pct_bbox_mAP_50_small,checkpoint_dx0_delta_bbox_mAP_25,checkpoint_dx0_delta_bbox_mAP_50,checkpoint_dx0_delta_bbox_mAP_75
official_weight,/hy-tmp/CCRDet_assets/weights/weight_rgbt.pth,2,left,-2,0,shift_2px_left,0.5791,0.3783,0.0269,0.3912,0.1632,0.29,0.4506,0.2882,/root/CCRDet/configs_local/gfl_ccrdet_fpn_1x_rgbtdroneperson_local.py,-0.005600000000000049,0.9577561142466307,-0.05779999999999996,13.253840862187563,-0.019299999999999998,41.77489177489177,-0.06020000000000003,13.336287106778915,-0.08889999999999998,35.263784212614034,-0.054900000000000004,15.91765729196869,-0.05710000000000004,11.246799290919842,-0.017100000000000004,5.601048149361286,-0.005600000000000049,-0.05779999999999996,-0.019299999999999998
official_weight,/root/CCRDet/weights/weight_rgbt.pth,1,left,-1,0,shift_1px_left,0.5825,0.4406,0.0551,0.4534,0.1868,0.3562,0.5034,0.3041,/root/CCRDet/configs_local/gfl_ccrdet_fpn_1x_rgbtdroneperson_local.py,-0.0021999999999999797,0.3762613305968838,0.004500000000000004,-1.031873423526715,0.008900000000000005,-19.264069264069274,0.0020000000000000018,-0.44306601683650904,-0.0653,25.902419674732247,0.011300000000000032,-3.2763119744853677,-0.0043000000000000815,0.846956864289951,-0.0012000000000000344,0.39305601048150485,-0.0021999999999999797,0.004500000000000004,0.008900000000000005
official_weight,/hy-tmp/CCRDet_assets/weights/weight_rgbt.pth,0,none,0,0,shift_0px_none,0.5847,0.4361,0.0462,0.4514,0.2521,0.3449,0.5077,0.3053,/root/CCRDet/configs_local/gfl_ccrdet_fpn_1x_rgbtdroneperson_local.py,0.0,0.0,0.0,0.0,0.0,0.0,0.0,0.0,0.0,0.0,0.0,0.0,0.0,0.0,0.0,0.0,0.0,0.0,0.0
official_weight,/root/CCRDet/weights/weight_rgbt.pth,1,right,1,0,shift_1px_right,0.5789,0.3638,0.0161,0.3777,0.1588,0.266,0.446,0.2935,/root/CCRDet/configs_local/gfl_ccrdet_fpn_1x_rgbtdroneperson_local.py,-0.005800000000000027,0.9919616897554348,-0.07229999999999998,16.57876633799587,-0.0301,65.15151515151516,-0.07370000000000004,16.326982720425352,-0.0933,37.00912336374454,-0.07889999999999997,22.876195998840235,-0.06170000000000003,12.152846168997444,-0.011800000000000033,3.865050769734698,-0.005800000000000027,-0.07229999999999998,-0.0301
official_weight,/hy-tmp/CCRDet_assets/weights/weight_rgbt.pth,2,right,2,0,shift_2px_right,0.5622,0.2326,0.0045,0.2374,0.0205,0.1214,0.3046,0.2859,/root/CCRDet/configs_local/gfl_ccrdet_fpn_1x_rgbtdroneperson_local.py,-0.022499999999999964,3.8481272447408865,-0.2035,46.66360926393029,-0.0417,90.25974025974025,-0.21400000000000002,47.40806380150643,-0.2316,91.86830622768743,-0.22349999999999998,64.80139170774137,-0.20310000000000006,40.00393933425252,-0.01940000000000003,6.3544055027841555,-0.022499999999999964,-0.2035,-0.0417
seed1001937037,/hy-tmp/CCRDet_assets/work_dirs/baseline_seed_1001937037/epoch_9.pth,2,left,-2,0,shift_2px_left,0.5836,0.3897,0.0283,0.4032,0.1424,0.2948,0.4591,0.2955,/root/CCRDet/configs_local/gfl_ccrdet_fpn_1x_rgbtdroneperson_local.py,-0.0044999999999999485,0.7651759904778013,-0.041800000000000004,9.687137891077636,-0.013600000000000001,32.4582338902148,-0.04370000000000002,9.77847393152831,-0.12160000000000001,46.06060606060606,-0.03689999999999999,11.124510099487486,-0.04109999999999997,8.216713314674125,-0.005099999999999993,1.6966067864271437,-0.0044999999999999485,-0.041800000000000004,-0.013600000000000001
seed1001937037,/hy-tmp/CCRDet_assets/work_dirs/baseline_seed_1001937037/epoch_9.pth,1,left,-1,0,shift_1px_left,0.5837,0.4443,0.0534,0.4595,0.3639,0.3472,0.5088,0.3047,/root/CCRDet/configs_local/gfl_ccrdet_fpn_1x_rgbtdroneperson_local.py,-0.0043999999999999595,0.7481720795782962,0.012799999999999978,-2.96639629200463,0.011500000000000003,-27.446300715990464,0.0126,-2.8194226896397403,0.09989999999999999,-37.840909090909086,0.015500000000000014,-4.672897196261686,0.008600000000000052,-1.7193122750899743,0.004100000000000048,-1.3639387890885057,-0.0043999999999999595,0.012799999999999978,0.011500000000000003
seed1001937037,/hy-tmp/CCRDet_assets/work_dirs/baseline_seed_1001937037/epoch_9.pth,0,none,0,0,shift_0px_none,0.5881,0.4315,0.0419,0.4469,0.264,0.3317,0.5002,0.3006,/root/CCRDet/configs_local/gfl_ccrdet_fpn_1x_rgbtdroneperson_local.py,0.0,0.0,0.0,0.0,0.0,0.0,0.0,0.0,0.0,0.0,0.0,0.0,0.0,0.0,0.0,0.0,0.0,0.0,0.0
seed1001937037,/hy-tmp/CCRDet_assets/work_dirs/baseline_seed_1001937037/epoch_9.pth,1,right,1,0,shift_1px_right,0.5862,0.3605,0.0157,0.3741,0.2359,0.2553,0.4391,0.2867,/root/CCRDet/configs_local/gfl_ccrdet_fpn_1x_rgbtdroneperson_local.py,-0.0018999999999999018,0.32307430709061413,-0.07100000000000001,16.45422943221321,-0.0262,62.52983293556086,-0.07280000000000003,16.28999776236295,-0.028100000000000014,10.643939393939398,-0.07639999999999997,23.032861018993056,-0.06109999999999999,12.21511395441823,-0.013899999999999968,4.624085163007308,-0.0018999999999999018,-0.07100000000000001,-0.0262
seed1001937037,/hy-tmp/CCRDet_assets/work_dirs/baseline_seed_1001937037/epoch_9.pth,2,right,2,0,shift_2px_right,0.5686,0.2241,0.0031,0.2283,0.0235,0.1147,0.2905,0.2674,/root/CCRDet/configs_local/gfl_ccrdet_fpn_1x_rgbtdroneperson_local.py,-0.019499999999999962,3.315762625403837,-0.2074,48.0648899188876,-0.0388,92.60143198090692,-0.21860000000000002,48.91474602819423,-0.24050000000000002,91.09848484848484,-0.217,65.42056074766354,-0.2097,41.92323070771691,-0.03319999999999995,11.044577511643364,-0.019499999999999962,-0.2074,-0.0388
seed0,/hy-tmp/CCRDet_assets/work_dirs/baseline_seed_0/epoch_12.pth,2,left,-2,0,shift_2px_left,0.5685,0.3747,0.0278,0.3906,0.0752,0.2757,0.4492,0.2472,/root/CCRDet/configs_local/gfl_ccrdet_fpn_1x_rgbtdroneperson_local.py,-0.0027000000000000357,0.4726890756302583,-0.028500000000000025,7.068452380952388,-0.007100000000000002,20.343839541547286,-0.028799999999999992,6.866952789699569,-0.05919999999999999,44.047619047619044,-0.022399999999999975,7.5142569607514185,-0.03260000000000002,6.766293067662935,-0.015099999999999975,5.756767060617604,-0.0027000000000000357,-0.028500000000000025,-0.007100000000000002
seed0,/hy-tmp/CCRDet_assets/work_dirs/baseline_seed_0/epoch_12.pth,1,left,-1,0,shift_1px_left,0.5699,0.4214,0.0473,0.4382,0.2153,0.3259,0.4924,0.2623,/root/CCRDet/configs_local/gfl_ccrdet_fpn_1x_rgbtdroneperson_local.py,-0.0013000000000000789,0.22759103641457964,0.018199999999999994,-4.5138888888888875,0.012400000000000001,-35.53008595988539,0.018799999999999983,-4.482594182164994,0.0809,-60.19345238095239,0.027800000000000047,-9.32572962093259,0.010599999999999998,-2.20008302200083,0.0,0.0,-0.0013000000000000789,0.018199999999999994,0.012400000000000001
seed0,/hy-tmp/CCRDet_assets/work_dirs/baseline_seed_0/epoch_12.pth,0,none,0,0,shift_0px_none,0.5712,0.4032,0.0349,0.4194,0.1344,0.2981,0.4818,0.2623,/root/CCRDet/configs_local/gfl_ccrdet_fpn_1x_rgbtdroneperson_local.py,0.0,0.0,0.0,0.0,0.0,0.0,0.0,0.0,0.0,0.0,0.0,0.0,0.0,0.0,0.0,0.0,0.0,0.0,0.0
seed0,/hy-tmp/CCRDet_assets/work_dirs/baseline_seed_0/epoch_12.pth,1,right,1,0,shift_1px_right,0.5627,0.3148,0.0116,0.3253,0.111,0.2128,0.3949,0.2601,/root/CCRDet/configs_local/gfl_ccrdet_fpn_1x_rgbtdroneperson_local.py,-0.008500000000000063,1.488095238095249,-0.08839999999999998,21.92460317460317,-0.0233,66.7621776504298,-0.09410000000000002,22.436814496900336,-0.02339999999999999,17.410714285714278,-0.08529999999999999,28.614558872861455,-0.08690000000000003,18.036529680365305,-0.0021999999999999797,0.8387342737323599,-0.008500000000000063,-0.08839999999999998,-0.0233
seed0,/hy-tmp/CCRDet_assets/work_dirs/baseline_seed_0/epoch_12.pth,2,right,2,0,shift_2px_right,0.5421,0.1904,0.0022,0.192,0.0212,0.0948,0.2507,0.2368,/root/CCRDet/configs_local/gfl_ccrdet_fpn_1x_rgbtdroneperson_local.py,-0.029100000000000015,5.094537815126053,-0.2128,52.77777777777778,-0.0327,93.69627507163324,-0.2274,54.220314735336196,-0.1132,84.22619047619048,-0.20329999999999998,68.19859107681985,-0.23110000000000003,47.96596097965961,-0.025499999999999967,9.72169271826152,-0.029100000000000015,-0.2128,-0.0327
historical_epoch10,/hy-tmp/historical_assets/CCRDet/work_dirs/gfl_ccrdet_fpn/rgbtdroneperson/epoch_10.pth,2,left,-2,0,shift_2px_left,0.5802,0.3824,0.027,0.3977,0.0965,0.3041,0.4513,0.2637,/root/CCRDet/configs_local/gfl_ccrdet_fpn_1x_rgbtdroneperson_local.py,0.000500000000000056,-0.08625150940142418,-0.04169999999999996,9.832586654091008,-0.015700000000000002,36.768149882903984,-0.041100000000000025,9.366453965360078,-0.0885,47.83783783783784,-0.0403,11.70150987224158,-0.042800000000000005,8.662214126695002,-0.021199999999999997,7.44120744120744,0.000500000000000056,-0.04169999999999996,-0.015700000000000002
historical_epoch10,/hy-tmp/historical_assets/CCRDet/work_dirs/gfl_ccrdet_fpn/rgbtdroneperson/epoch_10.pth,1,left,-1,0,shift_1px_left,0.5803,0.4332,0.0548,0.4494,0.1145,0.3553,0.4987,0.2918,/root/CCRDet/configs_local/gfl_ccrdet_fpn_1x_rgbtdroneperson_local.py,0.0006000000000000449,-0.10350181128170519,0.009099999999999997,-2.145720348974298,0.0121,-28.337236533957842,0.010599999999999998,-2.415679124886052,-0.0705,38.108108108108105,0.01090000000000002,-3.1649245063879268,0.004599999999999993,-0.930985630439181,0.006900000000000017,-2.421902421902428,0.0006000000000000449,0.009099999999999997,0.0121
historical_epoch10,/hy-tmp/historical_assets/CCRDet/work_dirs/gfl_ccrdet_fpn/rgbtdroneperson/epoch_10.pth,0,none,0,0,shift_0px_none,0.5797,0.4241,0.0427,0.4388,0.185,0.3444,0.4941,0.2849,/root/CCRDet/configs_local/gfl_ccrdet_fpn_1x_rgbtdroneperson_local.py,0.0,0.0,0.0,0.0,0.0,0.0,0.0,0.0,0.0,0.0,0.0,0.0,0.0,0.0,0.0,0.0,0.0,0.0,0.0
historical_epoch10,/hy-tmp/historical_assets/CCRDet/work_dirs/gfl_ccrdet_fpn/rgbtdroneperson/epoch_10.pth,1,right,1,0,shift_1px_right,0.5746,0.352,0.0134,0.363,0.1637,0.2602,0.4293,0.2782,/root/CCRDet/configs_local/gfl_ccrdet_fpn_1x_rgbtdroneperson_local.py,-0.005099999999999993,0.879765395894427,-0.0721,17.000707380334827,-0.0293,68.61826697892272,-0.07580000000000003,17.274384685505932,-0.021299999999999986,11.513513513513505,-0.0842,24.448315911730546,-0.06479999999999997,13.11475409836065,-0.006699999999999984,2.351702351702346,-0.005099999999999993,-0.0721,-0.0293
historical_epoch10,/hy-tmp/historical_assets/CCRDet/work_dirs/gfl_ccrdet_fpn/rgbtdroneperson/epoch_10.pth,2,right,2,0,shift_2px_right,0.56,0.2197,0.0025,0.2216,0.1337,0.1197,0.2868,0.2671,/root/CCRDet/configs_local/gfl_ccrdet_fpn_1x_rgbtdroneperson_local.py,-0.01969999999999994,3.3983094704157217,-0.20439999999999997,48.19618014619193,-0.0402,94.14519906323184,-0.21720000000000003,49.49863263445762,-0.051299999999999985,27.729729729729723,-0.22469999999999998,65.2439024390244,-0.20729999999999998,41.95506982392228,-0.017799999999999983,6.247806247806242,-0.01969999999999994,-0.20439999999999997,-0.0402
